番号,143
名前,케이
呼び名,케이

CSTR,0,텐도
CSTR,1,케이
CSTR,3,케이
CSTR,4,케이
CSTR,5,텐도
CSTR,6,케이
CSTR,7,케이
CSTR,8,인간
CSTR,99,케이

基礎,체력,2600
基礎,기력,2600
基礎,정신력,1900

素質,성별,1
素質,성장형,1
基礎,신장,1520 ;mm
; 체격,-2 = 여(1100 ~ 1299) 남(1200 ~ 1399) 신장
; 체격,-1 = 여(1300 ~ 1499) 남(1400 ~ 1599)
; 체격,0  = 여(1500 ~ 1699) 남(1600 ~ 1799)
; 체격,1  = 여(1700 ~ 1799) 남(1800 ~ 1949)
; 체격,2  = 여(1800 ~ 1999) 남(1950 ~ 2149)
; 체격,3  =   (3000 ~ 3999)
素質,체격,0
素質,체형,-2
素質,가슴크기,-1
素質,엉덩이크기,-1
素質,머리길이,6
素質,머리색,0xFFFFFF

素質,처녀,1
素質,애널처녀,1
素質,키스미경험,1
素質,음모현재치,0
素質,음모목표치,0
素質,겨드랑이털현재치,0
素質,겨드랑이털목표치,0
素質,Ｖ조임,950
素質,Ａ조임,950
素質,성적기호,4
素質,학생,1

素質,꿋꿋함,1
素質,츤데레,1
素質,프라이드높음,1
素質,정조관념,1
;素質,젖기쉬움,1
素質,쾌감을부정,1

能力,무투,80
能力,방위,75
能力,지략,90
能力,정치,29
能力,가창,23
能力,요리,10
能力,야심,6

能力,Ｃ감,0
能力,Ｂ감,0
能力,Ｖ감,0
能力,Ａ감,0
能力,Ｍ감,0

能力,욕망,0
能力,성지식,1
能力,성기술,0
能力,봉사,0
能力,노출,0
能力,새드,0
能力,마조,0
能力,주량,0

相性,28,90
相性,32,300
相性,33,80
相性,34,140
相性,35,140
;相性,36,110
;相性,41,100
;相性,45,100
;相性,49,100