番号,72
名前,사쿠라코
呼び名,사쿠라코

CSTR,0,우타즈미
CSTR,1,사쿠라코
CSTR,3,사쿠라코
CSTR,4,사쿠라코
CSTR,5,우타즈미
CSTR,6,사쿠라코
CSTR,7,사쿠라코
CSTR,8,인간
CSTR,99,사쿠라코

基礎,체력,2400
基礎,기력,2900
基礎,정신력,3000

素質,성별,1
素質,성장형,5
基礎,신장,1600 ;mm
; 체격,-2 = 여(1100 ~ 1299) 남(1200 ~ 1399) 신장
; 체격,-1 = 여(1300 ~ 1499) 남(1400 ~ 1599)
; 체격,0  = 여(1500 ~ 1699) 남(1600 ~ 1799)
; 체격,1  = 여(1700 ~ 1799) 남(1800 ~ 1949)
; 체격,2  = 여(1800 ~ 1999) 남(1950 ~ 2149)
; 체격,3  =   (3000 ~ 3999)
素質,체격,0
素質,체형,-1
素質,가슴크기,1
素質,엉덩이크기,1
素質,머리길이,4
素質,머리색,0xcacaca

素質,처녀,1
素質,애널처녀,1
素質,키스미경험,1
素質,음모현재치,0
素質,음모목표치,0
素質,겨드랑이털현재치,0
素質,겨드랑이털목표치,0
素質,Ｖ조임,950
素質,Ａ조임,950
素質,성적기호,4
素質,학생,1

素質,주목받기원함,1
素質,고고함,1
素質,수치심옅음,1
素質,중독하기쉽다,1
素質,각선미,1

能力,무투,71
能力,방위,62
能力,지략,80
能力,정치,85
能力,가창,59
能力,요리,30
能力,야심,65
能力,성지식,3
能力,Ｃ감,0
能力,Ｂ감,0
能力,Ｖ감,0
能力,Ａ감,0
能力,Ｍ감,0
能力,욕망,0
能力,성기술,0
能力,봉사,0
能力,노출,0
能力,새드,0
能力,마조,0
能力,주량,2

相性,50,70
相性,51,50
相性,54,110
相性,73,150
相性,74,150
相性,113,50
相性,114,50
相性,115,50
相性,116,50