카이저,Kaiser.webp,0,0,100,90
아비도스,Abydos.webp,0,0,100,90
게헨나,Gehenna.webp,0,0,100,90
밀레니엄,Millennium.webp,0,0,100,90
트리니티,Trinity.webp,0,0,100,90
백귀야행,Hyakkiyako.webp,0,0,100,90
산해경,Shanhaijing.webp,0,0,100,90
붉은겨울,Redwinter.webp,0,0,100,90
발키리,Valkyrie.webp,0,0,100,90
SRT,SRT.webp,0,0,100,90
아리우스,Arius.webp,0,0,100,90
오디세이,Schale.webp,0,0,100,90
기타,Schale.webp,0,0,100,90
샬레,Schale.webp,0,0,100,90
PMC,PMC_1.webp,0,0,100,90
불량배,Sukeban.webp,0,0,100,90
용역단,Schale.webp,0,0,100,90
헬멧단,HelmetGang.webp,0,0,100,90
총학생회,GSC.webp,0,0,100,90
무소속,NoFaction.webp,0,0,100,90

카이저_2,Kaiser_2.webp,0,0,100,90
아비도스_2,Abydos_2.webp,0,0,100,90
게헨나_2,Gehenna_2.webp,0,0,100,90
밀레니엄_2,Millennium_2.webp,0,0,100,90
트리니티_2,Trinity_2.webp,0,0,100,90
백귀야행_2,Hyakkiyako_2.webp,0,0,100,90
산해경_2,Shanhaijing_2.webp,0,0,100,90
붉은겨울_2,Redwinter_2.webp,0,0,100,90
발키리_2,Valkyrie_2.webp,0,0,100,90
SRT_2,SRT_2.webp,0,0,100,90
아리우스_2,Arius_2.webp,0,0,100,90
오디세이_2,Schale_2.webp,0,0,100,90
기타_2,Schale_2.webp,0,0,100,90
샬레_2,Schale_2.webp,0,0,100,90
PMC_2,PMC_2.webp,0,0,100,90
불량배_2,Sukeban_2.webp,0,0,100,90
용역단_2,Schale_2.webp,0,0,100,90
헬멧단_2,HelmetGang_2.webp,0,0,100,90
총학생회_2,GSC_2.webp,0,0,100,90
무소속_2,NoFaction_2.webp,0,0,100,90
